<!DOCTYPE hibernate-configuration PUBLIC
    "-//Hibernate/Hibernate Configuration DTD 3.0//EN"
    "http://www.hibernate.org/dtd/hibernate-configuration-3.0.dtd">
<hibernate-configuration>
    <session-factory>
        <property name="hibernate.connection.driver_class">com.microsoft.sqlserver.jdbc.SQLServerDriver</property>
        <property name="hibernate.connection.url">jdbc:sqlserver://localhost:1433;databaseName=db_QLHV</property>
        <property name="hibernate.connection.username">sa</property>
        <property name="hibernate.connection.password">21112005</property>
        <property name="hibernate.connection.encrypt">true</property>
        <property name="hibernate.connection.trustServerCertificate">true</property>
        <property name="hibernate.dialect">org.hibernate.dialect.SQLServerDialect</property>
        <property name="hibernate.show_sql">true</property>
        <property name="hibernate.format_sql">true</property>
        <property name="hibernate.hbm2ddl.auto">update</property>
        
        <!-- c3p0 connection pool settings -->
        <property name="hibernate.c3p0.min_size">5</property>
        <property name="hibernate.c3p0.max_size">20</property>
        <property name="hibernate.c3p0.timeout">300</property>
        <property name="hibernate.c3p0.max_statements">50</property>
        <property name="hibernate.c3p0.idle_test_period">3000</property>
        
        <mapping class="model.HocVien"/>
        <mapping class="model.LopHoc"/>
        <mapping class="model.KhoaHoc"/>
        <mapping class="model.TaiKhoan"/>
        
    </session-factory>
</hibernate-configuration>
